username,permission_name,timestamp
dave,edit_profile,2025-06-06 21:26:31
bob,view_reports,2025-06-06 11:04:31
alice,delete_user,2025-06-05 09:49:31
charlie,edit_profile,2025-06-04 11:28:31
dave,delete_user,2025-06-05 16:56:31
bob,view_reports,2025-06-05 14:11:31
charlie,edit_profile,2025-06-05 15:24:31
bob,delete_user,2025-06-06 14:55:31
charlie,edit_profile,2025-06-04 14:13:31
dave,access_dashboard,2025-06-10 06:28:31
bob,delete_user,2025-06-05 12:49:31
bob,edit_profile,2025-06-09 06:53:31
charlie,edit_profile,2025-06-06 04:02:31
alice,view_reports,2025-06-05 00:40:31
alice,access_dashboard,2025-06-06 04:05:31
alice,edit_profile,2025-06-08 10:57:31
charlie,access_dashboard,2025-06-06 17:43:31
dave,delete_user,2025-06-04 16:53:31
alice,access_dashboard,2025-06-08 15:36:31
dave,access_dashboard,2025-06-07 09:12:31
dave,view_reports,2025-06-08 21:58:31
dave,edit_profile,2025-06-04 13:40:31
alice,access_dashboard,2025-06-09 11:41:31
dave,delete_user,2025-06-10 13:05:31
charlie,edit_profile,2025-06-06 23:28:31
bob,edit_profile,2025-06-09 04:42:31
bob,edit_profile,2025-06-07 14:14:31
alice,view_reports,2025-06-05 02:46:31
bob,delete_user,2025-06-10 13:30:31
alice,edit_profile,2025-06-08 21:52:31
charlie,access_dashboard,2025-06-06 06:13:31
dave,edit_profile,2025-06-04 08:16:31
charlie,edit_profile,2025-06-04 12:25:31
charlie,delete_user,2025-06-05 06:56:31
bob,delete_user,2025-06-06 14:59:31
alice,edit_profile,2025-06-09 23:26:31
charlie,view_reports,2025-06-09 05:19:31
charlie,edit_profile,2025-06-04 19:18:31
bob,access_dashboard,2025-06-10 03:21:31
dave,edit_profile,2025-06-04 02:54:31
dave,view_reports,2025-06-08 03:51:31
bob,delete_user,2025-06-06 14:12:31
dave,edit_profile,2025-06-06 03:45:31
charlie,edit_profile,2025-06-08 07:26:31
bob,delete_user,2025-06-08 19:58:31
charlie,edit_profile,2025-06-04 10:22:31
alice,delete_user,2025-06-05 18:49:31
bob,access_dashboard,2025-06-05 15:05:31
bob,access_dashboard,2025-06-10 05:50:31
charlie,edit_profile,2025-06-05 19:40:31
dave,delete_user,2025-06-05 12:13:31
dave,edit_profile,2025-06-08 06:57:31
charlie,edit_profile,2025-06-07 17:33:31
charlie,edit_profile,2025-06-07 16:49:31
bob,edit_profile,2025-06-09 14:22:31
dave,edit_profile,2025-06-10 17:23:31
dave,access_dashboard,2025-06-07 19:11:31
bob,delete_user,2025-06-04 23:34:31
charlie,edit_profile,2025-06-05 08:20:31
bob,edit_profile,2025-06-06 03:17:31
dave,delete_user,2025-06-08 04:17:31
alice,view_reports,2025-06-08 13:32:31
bob,view_reports,2025-06-07 06:46:31
alice,delete_user,2025-06-09 01:12:31
dave,view_reports,2025-06-04 10:12:31
charlie,edit_profile,2025-06-05 06:36:31
charlie,edit_profile,2025-06-06 01:18:31
charlie,delete_user,2025-06-06 00:47:31
alice,delete_user,2025-06-05 01:07:31
dave,access_dashboard,2025-06-09 14:26:31
dave,view_reports,2025-06-04 00:15:31
dave,delete_user,2025-06-08 07:19:31
alice,delete_user,2025-06-06 13:59:31
bob,access_dashboard,2025-06-06 00:20:31
charlie,edit_profile,2025-06-06 23:47:31
dave,view_reports,2025-06-07 21:18:31
dave,edit_profile,2025-06-07 13:28:31
bob,view_reports,2025-06-05 00:40:31
charlie,edit_profile,2025-06-08 01:34:31
charlie,view_reports,2025-06-06 21:34:31
charlie,edit_profile,2025-06-09 17:18:31
alice,access_dashboard,2025-06-07 13:57:31
charlie,edit_profile,2025-06-04 07:14:31
charlie,edit_profile,2025-06-07 04:18:31
bob,delete_user,2025-06-07 21:36:31
charlie,delete_user,2025-06-04 21:58:31
charlie,edit_profile,2025-06-08 08:39:31
bob,access_dashboard,2025-06-05 12:22:31
alice,view_reports,2025-06-08 16:02:31
charlie,edit_profile,2025-06-07 20:56:31
bob,access_dashboard,2025-06-05 21:49:31
bob,edit_profile,2025-06-05 11:17:31
